Id,1,Original url,https://rehab-reviews-staging.herokuapp.com/dothan-al/david-wayne-williams-m-d-0c8329a4-98b9-4532-8417-ede7b8cda141,Redirected url,https://rehab-reviews-staging.herokuapp.com/buprenorphine/dothan-al/david-wayne-williams-m-d
Id,2,Original url,https://rehab-reviews-staging.herokuapp.com/tucson-az/dianne-m-keller-m-d-f9141248-3220-4e21-bc92-15e07f266984,Redirected url,https://rehab-reviews-staging.herokuapp.com/buprenorphine/tucson-az/dianne-m-keller-m-d
Id,3,Original url,https://rehab-reviews-staging.herokuapp.com/colton-ca/steven-f-ruh-m-d-3c63c786-79cb-436c-b7c5-60e1c39f1a28,Redirected url,https://rehab-reviews-staging.herokuapp.com/buprenorphine/colton-ca/steven-f-ruh-m-d
Id,4,Original url,https://rehab-reviews-staging.herokuapp.com/costa-mesa-ca/nicole-poliquin-m-d-e00d9fe7-01b3-45e9-83d9-dcffd5c37874,Redirected url,https://rehab-reviews-staging.herokuapp.com/buprenorphine/costa-mesa-ca/nicole-poliquin-m-d
Id,5,Original url,https://rehab-reviews-staging.herokuapp.com/la-jolla-ca/howard-barry-moss-m-d-2dc4485e-d6bf-460e-bbc7-b95dd5a44643,Redirected url,https://rehab-reviews-staging.herokuapp.com/buprenorphine/la-jolla-ca/howard-barry-moss-m-d
Id,6,Original url,https://rehab-reviews-staging.herokuapp.com/los-angeles-ca/sean-sassano-higgins-m-d-a3d3ef5a-dd1f-42da-8bfd-278c6de658f3,Redirected url,https://rehab-reviews-staging.herokuapp.com/buprenorphine/los-angeles-ca/sean-sassano-higgins-m-d
Id,7,Original url,https://rehab-reviews-staging.herokuapp.com/santa-ana-ca/thomas-s-powers-m-d-3ac7bf9f-3e32-4ffc-bfcf-81b557dfe54e,Redirected url,https://rehab-reviews-staging.herokuapp.com/buprenorphine/santa-ana-ca/thomas-s-powers-m-d
Id,8,Original url,https://rehab-reviews-staging.herokuapp.com/santa-ana-ca/yin-jia-gong-6db11229-7df1-4289-8999-22e429a4abd4,Redirected url,https://rehab-reviews-staging.herokuapp.com/buprenorphine/santa-ana-ca/yin-jia-gong
Id,9,Original url,https://rehab-reviews-staging.herokuapp.com/santa-rosa-ca/anish-s-shah-m-d-a3dff905-7500-4426-bc62-07a064ef81cf,Redirected url,https://rehab-reviews-staging.herokuapp.com/buprenorphine/santa-rosa-ca/anish-s-shah-m-d
Id,10,Original url,https://rehab-reviews-staging.herokuapp.com/west-hollywood-ca/robert-chang-d-o-2825529d-e2fa-4a12-b532-592ae9862e55,Redirected url,https://rehab-reviews-staging.herokuapp.com/buprenorphine/west-hollywood-ca/robert-chang-d-o
Id,11,Original url,https://rehab-reviews-staging.herokuapp.com/woodland-hills-ca/morris-mesler-m-d-ec7a85cd-54ed-495b-afc0-dd7d1d3dac75,Redirected url,https://rehab-reviews-staging.herokuapp.com/buprenorphine/woodland-hills-ca/morris-mesler-m-d
Id,12,Original url,https://rehab-reviews-staging.herokuapp.com/fort-morgan-co/paul-d-freda-m-d-289550ce-06a9-43b7-9ce6-d218723582e1,Redirected url,https://rehab-reviews-staging.herokuapp.com/buprenorphine/fort-morgan-co/paul-d-freda-m-d-4
Id,13,Original url,https://rehab-reviews-staging.herokuapp.com/stamford-ct/christine-s-naungayan-m-d-acb65cb9-b1d2-4a28-9d11-b855cd1a929b,Redirected url,https://rehab-reviews-staging.herokuapp.com/buprenorphine/stamford-ct/christine-s-naungayan-m-d
Id,14,Original url,https://rehab-reviews-staging.herokuapp.com/stamford-ct/sunil-saxena-m-d-8c99f77d-b267-414a-95f7-1269fbe499af,Redirected url,https://rehab-reviews-staging.herokuapp.com/buprenorphine/stamford-ct/sunil-saxena-m-d
Id,15,Original url,https://rehab-reviews-staging.herokuapp.com/altamonte-springs-fl/sonia-m-rameriz-seifert-m-d-facfbd12-7eed-45e9-8031-b95a643ec062,Redirected url,https://rehab-reviews-staging.herokuapp.com/buprenorphine/altamonte-springs-fl/sonia-m-rameriz-seifert-m-d
Id,16,Original url,https://rehab-reviews-staging.herokuapp.com/altamonte-springs-fl/walter-lamar-seifert-m-d-cb308ec0-9ff4-4756-abba-e6cf532ce677,Redirected url,https://rehab-reviews-staging.herokuapp.com/buprenorphine/altamonte-springs-fl/walter-lamar-seifert-m-d
Id,17,Original url,https://rehab-reviews-staging.herokuapp.com/arcadia-fl/martha-maria-coetzee-m-d-53236cc5-766f-46fb-8881-9b4f21d5e99b,Redirected url,https://rehab-reviews-staging.herokuapp.com/buprenorphine/arcadia-fl/martha-maria-coetzee-m-d
Id,18,Original url,https://rehab-reviews-staging.herokuapp.com/coconut-creek-fl/fernando-jimenez-m-d-d82974c5-b985-4ade-b9f4-e176ab703a67,Redirected url,https://rehab-reviews-staging.herokuapp.com/buprenorphine/coconut-creek-fl/fernando-jimenez-m-d
Id,19,Original url,https://rehab-reviews-staging.herokuapp.com/delray-beach-fl/arthur-charles-rosenblatt-m-d-9e756c77-5ac0-4aef-941e-ad5a240aa76c,Redirected url,https://rehab-reviews-staging.herokuapp.com/buprenorphine/delray-beach-fl/arthur-charles-rosenblatt-m-d
Id,20,Original url,https://rehab-reviews-staging.herokuapp.com/delray-beach-fl/ricardo-j-sabates-m-d-b102c337-226b-423f-bb5f-0365fc04896a,Redirected url,https://rehab-reviews-staging.herokuapp.com/buprenorphine/delray-beach-fl/ricardo-j-sabates-m-d
Id,21,Original url,https://rehab-reviews-staging.herokuapp.com/fort-myers-fl/dareld-r-morris-d-o-87443a61-f821-475a-88a0-0adcbb78d841,Redirected url,https://rehab-reviews-staging.herokuapp.com/buprenorphine/fort-myers-fl/dareld-r-morris-d-o
Id,22,Original url,https://rehab-reviews-staging.herokuapp.com/melbourne-fl/raymond-e-mcknight-m-d-3ce3a68a-b3e6-4c45-a8ff-44da82868ffb,Redirected url,https://rehab-reviews-staging.herokuapp.com/buprenorphine/melbourne-fl/raymond-e-mcknight-m-d-1
Id,23,Original url,https://rehab-reviews-staging.herokuapp.com/miami-fl/louis-bernard-antoine-m-d-5d0fa8d4-d45d-4738-85a2-bca0b47fc344,Redirected url,https://rehab-reviews-staging.herokuapp.com/buprenorphine/miami-fl/louis-bernard-antoine-m-d
Id,24,Original url,https://rehab-reviews-staging.herokuapp.com/naples-fl/renee-washington-hyde-m-d-19dcde8c-0d54-4910-a66d-6922a6123d18,Redirected url,https://rehab-reviews-staging.herokuapp.com/buprenorphine/naples-fl/renee-washington-hyde-m-d
Id,25,Original url,https://rehab-reviews-staging.herokuapp.com/orlando-fl/dennis-e-platt-m-d-a981afba-8627-43de-a18b-7e90f93f813c,Redirected url,https://rehab-reviews-staging.herokuapp.com/buprenorphine/orlando-fl/dennis-e-platt-m-d
Id,26,Original url,https://rehab-reviews-staging.herokuapp.com/panama-city-fl/jonathan-edward-jones-76e8f21e-b939-40f4-8ad5-69aed50fb88c,Redirected url,https://rehab-reviews-staging.herokuapp.com/buprenorphine/panama-city-fl/jonathan-edward-jones
Id,27,Original url,https://rehab-reviews-staging.herokuapp.com/summerfield-fl/sourial-morris-sourial-d-o-c2da949e-0899-4b37-9693-1c5faa74e220,Redirected url,https://rehab-reviews-staging.herokuapp.com/buprenorphine/summerfield-fl/sourial-morris-sourial-d-o
Id,28,Original url,https://rehab-reviews-staging.herokuapp.com/wilton-manors-fl/kenneth-rivera-kolb-m-d-67c99e22-eb31-4016-ae03-0888cd59fc4c,Redirected url,https://rehab-reviews-staging.herokuapp.com/buprenorphine/wilton-manors-fl/kenneth-rivera-kolb-m-d
Id,29,Original url,https://rehab-reviews-staging.herokuapp.com/atlanta-ga/shonali-saha-m-d-04e89d01-7068-402e-9fcc-044e8c6b2ba3,Redirected url,https://rehab-reviews-staging.herokuapp.com/buprenorphine/atlanta-ga/shonali-saha-m-d
Id,30,Original url,https://rehab-reviews-staging.herokuapp.com/brunswick-ga/lourdes-de-armas-m-d-829a47ab-770e-4a76-b2b1-eb9952ff5a56,Redirected url,https://rehab-reviews-staging.herokuapp.com/buprenorphine/brunswick-ga/lourdes-de-armas-m-d
Id,31,Original url,https://rehab-reviews-staging.herokuapp.com/columbus-ga/arthur-roland-holt-jr-m-d-7abf3d40-029e-4971-9c90-6bec2b442375,Redirected url,https://rehab-reviews-staging.herokuapp.com/buprenorphine/columbus-ga/arthur-roland-holt-jr-m-d
Id,32,Original url,https://rehab-reviews-staging.herokuapp.com/crown-point-in/fadel-a-shaaban-m-d-341fd6ce-0fe0-484c-bf9b-ecaab9996967,Redirected url,https://rehab-reviews-staging.herokuapp.com/buprenorphine/crown-point-in/fadel-a-shaaban-m-d
Id,33,Original url,https://rehab-reviews-staging.herokuapp.com/greenwood-in/laura-rachel-green-m-d-7082fb88-6cf4-48e2-be17-2e8576a5c76d,Redirected url,https://rehab-reviews-staging.herokuapp.com/buprenorphine/greenwood-in/laura-rachel-green-m-d
Id,34,Original url,https://rehab-reviews-staging.herokuapp.com/indianapolis-in/susan-elizabeth-burkholder-m-d-f870e9d2-583d-4c23-875b-a66b3d2464d1,Redirected url,https://rehab-reviews-staging.herokuapp.com/buprenorphine/indianapolis-in/susan-elizabeth-burkholder-m-d
Id,35,Original url,https://rehab-reviews-staging.herokuapp.com/indianapolis-in/brian-case-m-d-e56441a2-5d80-4402-bf12-5686c6482b0d,Redirected url,https://rehab-reviews-staging.herokuapp.com/buprenorphine/indianapolis-in/brian-case-m-d
Id,36,Original url,https://rehab-reviews-staging.herokuapp.com/campton-ky/srinivas-b-rapuri-m-d-e14eaf96-af7b-4cfd-a4d8-d05cf55ad670,Redirected url,https://rehab-reviews-staging.herokuapp.com/buprenorphine/campton-ky/srinivas-b-rapuri-m-d
Id,37,Original url,https://rehab-reviews-staging.herokuapp.com/clinton-ky/jo-ann-nadeau-bolli-m-d-7b9f1dd6-87e0-4b39-9afc-1f066f47a3da,Redirected url,https://rehab-reviews-staging.herokuapp.com/buprenorphine/clinton-ky/jo-ann-nadeau-bolli-m-d
Id,38,Original url,https://rehab-reviews-staging.herokuapp.com/inez-ky/lon-e-lafferty-m-d-2fdc2347-090d-4fdf-ad55-253b2ddb9021,Redirected url,https://rehab-reviews-staging.herokuapp.com/buprenorphine/inez-ky/lon-e-lafferty-m-d
Id,39,Original url,https://rehab-reviews-staging.herokuapp.com/bossier-city-la/chandra-joshi-m-d-ac72bb85-81c8-407b-a45b-a615c4644932,Redirected url,https://rehab-reviews-staging.herokuapp.com/buprenorphine/bossier-city-la/chandra-joshi-m-d
Id,40,Original url,https://rehab-reviews-staging.herokuapp.com/metairie-la/rajiv-khurana-m-d-72e8c6dd-9b29-4243-a07b-6b9a9126d2db,Redirected url,https://rehab-reviews-staging.herokuapp.com/buprenorphine/metairie-la/rajiv-khurana-m-d-1
Id,41,Original url,https://rehab-reviews-staging.herokuapp.com/slidell-la/hatem-hamed-m-d-08807898-d4d3-48b6-864d-fe61b3f6b897,Redirected url,https://rehab-reviews-staging.herokuapp.com/buprenorphine/slidell-la/hatem-hamed-m-d
Id,42,Original url,https://rehab-reviews-staging.herokuapp.com/pittsfield-ma/mehernosh-pheroze-khan-m-d-54eae404-a57d-4bca-a79e-58052463b893,Redirected url,https://rehab-reviews-staging.herokuapp.com/buprenorphine/pittsfield-ma/mehernosh-pheroze-khan-m-d
Id,43,Original url,https://rehab-reviews-staging.herokuapp.com/randolph-ma/alaa-m-elrefai-m-d-e71d1666-b519-4c4f-92d6-3edd8a40ed81,Redirected url,https://rehab-reviews-staging.herokuapp.com/buprenorphine/randolph-ma/alaa-m-elrefai-m-d
Id,44,Original url,https://rehab-reviews-staging.herokuapp.com/wellesley-ma/jacob-bennett-kagan-7304304c-fe81-4372-b2f3-871176c06e4f,Redirected url,https://rehab-reviews-staging.herokuapp.com/buprenorphine/wellesley-ma/jacob-bennett-kagan
Id,45,Original url,https://rehab-reviews-staging.herokuapp.com/worcester-ma/james-b-broadhurst-m-d-4d496d39-491a-45eb-98b3-23c592bd9c2d,Redirected url,https://rehab-reviews-staging.herokuapp.com/buprenorphine/worcester-ma/james-b-broadhurst-m-d
Id,46,Original url,https://rehab-reviews-staging.herokuapp.com/baltimore-md/darshan-s-saluja-m-d-a1d967cf-fa43-4903-b42a-29637df96cf6,Redirected url,https://rehab-reviews-staging.herokuapp.com/buprenorphine/baltimore-md/darshan-s-saluja-m-d
Id,47,Original url,https://rehab-reviews-staging.herokuapp.com/bel-air-md/beverly-ann-tyler-m-d-2fc67ba5-4b72-4103-9a7b-9f16da92a093,Redirected url,https://rehab-reviews-staging.herokuapp.com/buprenorphine/bel-air-md/beverly-ann-tyler-m-d
Id,48,Original url,https://rehab-reviews-staging.herokuapp.com/marquette-mi/michael-p-notorangelo-d-o-fa715473-1c3c-4f40-b325-b61fa0127862,Redirected url,https://rehab-reviews-staging.herokuapp.com/buprenorphine/marquette-mi/michael-p-notorangelo-d-o
Id,49,Original url,https://rehab-reviews-staging.herokuapp.com/troy-mi/victoria-baskin-m-d-d9faa4f4-b448-464e-aa4c-0e8401bf0095,Redirected url,https://rehab-reviews-staging.herokuapp.com/buprenorphine/troy-mi/victoria-baskin-m-d
Id,50,Original url,https://rehab-reviews-staging.herokuapp.com/wyandotte-mi/megha-mohey-8ac23c40-61fb-4e16-a62e-9c5567ebed58,Redirected url,https://rehab-reviews-staging.herokuapp.com/buprenorphine/wyandotte-mi/megha-mohey
Id,51,Original url,https://rehab-reviews-staging.herokuapp.com/greensboro-nc/mojeed-a-akintayo-m-d-d771b633-7599-4817-a81f-9e2167e8df43,Redirected url,https://rehab-reviews-staging.herokuapp.com/buprenorphine/greensboro-nc/mojeed-a-akintayo-m-d
Id,52,Original url,https://rehab-reviews-staging.herokuapp.com/high-point-nc/gina-m-caravaglia-d-o-f78b84ba-e372-4843-be1d-bf11ac163d3b,Redirected url,https://rehab-reviews-staging.herokuapp.com/buprenorphine/high-point-nc/gina-m-caravaglia-d-o
Id,53,Original url,https://rehab-reviews-staging.herokuapp.com/bayonne-nj/raafat-t-ghobraiel-a23d8a16-d8ce-4192-b60b-c562da07cd16,Redirected url,https://rehab-reviews-staging.herokuapp.com/buprenorphine/bayonne-nj/raafat-t-ghobraiel
Id,54,Original url,https://rehab-reviews-staging.herokuapp.com/clifton-nj/isidore-michael-keiman-57acad4e-eeae-467e-9fd1-cf8c0d48d4e1,Redirected url,https://rehab-reviews-staging.herokuapp.com/buprenorphine/clifton-nj/isidore-michael-keiman
Id,55,Original url,https://rehab-reviews-staging.herokuapp.com/englewood-cliffs-nj/dong-hyun-kim-m-d-38eb04d8-6a4f-4a27-a9f4-58b208ea64ae,Redirected url,https://rehab-reviews-staging.herokuapp.com/buprenorphine/englewood-cliffs-nj/dong-hyun-kim-m-d
Id,56,Original url,https://rehab-reviews-staging.herokuapp.com/marlton-nj/elton-john-smith-3e55a699-7c9d-460e-a6cd-004dc5efd02b,Redirected url,https://rehab-reviews-staging.herokuapp.com/buprenorphine/marlton-nj/elton-john-smith-1
Id,57,Original url,https://rehab-reviews-staging.herokuapp.com/matawan-nj/ashwini-kumar-neelgund-491a6369-5a70-41ff-8051-1de5d7dfa942,Redirected url,https://rehab-reviews-staging.herokuapp.com/buprenorphine/matawan-nj/ashwini-kumar-neelgund
Id,58,Original url,https://rehab-reviews-staging.herokuapp.com/roseland-nj/romulo-a-aromin-jr-m-d-00d5354e-5a3d-4ddf-9dce-867811033010,Redirected url,https://rehab-reviews-staging.herokuapp.com/buprenorphine/roseland-nj/romulo-a-aromin-jr-m-d
Id,59,Original url,https://rehab-reviews-staging.herokuapp.com/union-city-nj/maria-elena-saiz-quintana-m-d-90a056ea-b979-490f-bae6-be4752415e4d,Redirected url,https://rehab-reviews-staging.herokuapp.com/buprenorphine/union-city-nj/maria-elena-saiz-quintana-m-d
Id,60,Original url,https://rehab-reviews-staging.herokuapp.com/aztec-nm/deborah-kaye-parr-m-d-138408b5-7df4-4215-935f-9f252ac28f35,Redirected url,https://rehab-reviews-staging.herokuapp.com/buprenorphine/aztec-nm/deborah-kaye-parr-m-d-1
Id,61,Original url,https://rehab-reviews-staging.herokuapp.com/buffalo-ny/abrar-siddiqui-m-d-10d16a2a-fe98-4282-92f9-7786c85967b1,Redirected url,https://rehab-reviews-staging.herokuapp.com/buprenorphine/buffalo-ny/abrar-siddiqui-m-d
Id,62,Original url,https://rehab-reviews-staging.herokuapp.com/cutchogue-ny/jarid-scott-pachter-m-d-f1a95ec6-17bb-4143-af18-668f4c39dff0,Redirected url,https://rehab-reviews-staging.herokuapp.com/buprenorphine/cutchogue-ny/jarid-scott-pachter-m-d
Id,63,Original url,https://rehab-reviews-staging.herokuapp.com/flushing-mi/dina-k-miller-m-d-070767c5-188a-4a1e-9bd4-03d46aa1e920,Redirected url,https://rehab-reviews-staging.herokuapp.com/buprenorphine/flushing-mi/dina-k-miller-m-d-1
Id,64,Original url,https://rehab-reviews-staging.herokuapp.com/freeport-ny/emmanuel-h-saintjean-m-d-10be0a57-8f8b-4837-9412-81af53849952,Redirected url,https://rehab-reviews-staging.herokuapp.com/buprenorphine/freeport-ny/emmanuel-h-saintjean-m-d
Id,65,Original url,https://rehab-reviews-staging.herokuapp.com/merrick-ny/sydney-hughes-m-d-76698fde-aa0d-4322-a92b-90a454678875,Redirected url,https://rehab-reviews-staging.herokuapp.com/buprenorphine/merrick-ny/sydney-hughes-m-d-2
Id,66,Original url,https://rehab-reviews-staging.herokuapp.com/new-windsor-ny/mitchell-cabisudo-m-d-0a51774d-9cb2-4f5e-8cb7-97b6bcc13003,Redirected url,https://rehab-reviews-staging.herokuapp.com/buprenorphine/new-windsor-ny/mitchell-cabisudo-m-d-1
Id,67,Original url,https://rehab-reviews-staging.herokuapp.com/new-york-ny/joshua-issack-m-d-8691695d-09eb-4345-bb6f-47747dff376a,Redirected url,https://rehab-reviews-staging.herokuapp.com/buprenorphine/new-york-ny/joshua-issack-m-d
Id,68,Original url,https://rehab-reviews-staging.herokuapp.com/new-york-ny/david-m-mcdowell-m-d-dc49be1b-1caa-4e7e-8d9c-914a010dd533,Redirected url,https://rehab-reviews-staging.herokuapp.com/buprenorphine/new-york-ny/david-m-mcdowell-m-d
Id,69,Original url,https://rehab-reviews-staging.herokuapp.com/new-york-ny/jeanne-marcelle-manubay-m-d-adaa65e3-7c07-42c6-a08c-fb62a5901ccb,Redirected url,https://rehab-reviews-staging.herokuapp.com/buprenorphine/new-york-ny/jeanne-marcelle-manubay-m-d
Id,70,Original url,https://rehab-reviews-staging.herokuapp.com/new-york-ny/madhu-b-ahluwalia-m-d-6dc43e70-9bd0-44da-aae7-6de875cf96f2,Redirected url,https://rehab-reviews-staging.herokuapp.com/buprenorphine/new-york-ny/madhu-b-ahluwalia-m-d
Id,71,Original url,https://rehab-reviews-staging.herokuapp.com/new-york-ny/joel-alan-nathan-m-d-5e6adf7b-0808-4cce-b470-678a598e1117,Redirected url,https://rehab-reviews-staging.herokuapp.com/buprenorphine/new-york-ny/joel-alan-nathan-m-d
Id,72,Original url,https://rehab-reviews-staging.herokuapp.com/oneida-ny/james-w-follette-m-d-d5c4834e-8777-4af6-8a04-f8919f62c829,Redirected url,https://rehab-reviews-staging.herokuapp.com/buprenorphine/oneida-ny/james-w-follette-m-d
Id,73,Original url,https://rehab-reviews-staging.herokuapp.com/chillicothe-oh/william-sudduth-foley-m-d-e2b50aa6-67c6-4f14-b3a6-ec3da03e0b2e,Redirected url,https://rehab-reviews-staging.herokuapp.com/buprenorphine/chillicothe-oh/william-sudduth-foley-m-d-3
Id,74,Original url,https://rehab-reviews-staging.herokuapp.com/cincinnati-oh/teresa-d-parrott-m-d-e56ec1d3-f3f7-4604-afc3-1eb55f764994,Redirected url,https://rehab-reviews-staging.herokuapp.com/buprenorphine/cincinnati-oh/teresa-d-parrott-m-d-1
Id,75,Original url,https://rehab-reviews-staging.herokuapp.com/columbus-oh/leon-margolin-m-d-75c46143-6f1e-4495-9291-fe7bf5ad163e,Redirected url,https://rehab-reviews-staging.herokuapp.com/buprenorphine/columbus-oh/leon-margolin-m-d
Id,76,Original url,https://rehab-reviews-staging.herokuapp.com/columbus-oh/rani-a-lakhi-m-d-2af86c38-400a-42fd-bb34-2d13b4f072f0,Redirected url,https://rehab-reviews-staging.herokuapp.com/buprenorphine/columbus-oh/rani-a-lakhi-m-d
Id,77,Original url,https://rehab-reviews-staging.herokuapp.com/columbus-oh/rani-a-lakhi-m-d-94229b1d-d344-4501-9a64-e66de9089128,Redirected url,https://rehab-reviews-staging.herokuapp.com/buprenorphine/columbus-oh/rani-a-lakhi-m-d
Id,78,Original url,https://rehab-reviews-staging.herokuapp.com/columbus-oh/blayre-rebecca-tuggle-m-d-bd259dce-fea3-46f2-a829-5f638840cd8e,Redirected url,https://rehab-reviews-staging.herokuapp.com/buprenorphine/columbus-oh/blayre-rebecca-tuggle-m-d
Id,79,Original url,https://rehab-reviews-staging.herokuapp.com/columbus-oh/blayre-rebecca-tuggle-m-d-fe2132ee-f97a-493b-8b7e-33ad6b213e68,Redirected url,https://rehab-reviews-staging.herokuapp.com/buprenorphine/columbus-oh/blayre-rebecca-tuggle-m-d
Id,80,Original url,https://rehab-reviews-staging.herokuapp.com/youngstown-oh/tomas-almonte-madrilejos-m-d-8bef5ee4-db77-465a-9d1d-6e66318bb75d,Redirected url,https://rehab-reviews-staging.herokuapp.com/buprenorphine/youngstown-oh/tomas-almonte-madrilejos-m-d
Id,81,Original url,https://rehab-reviews-staging.herokuapp.com/beaverton-or/andrew-b-mendenhall-m-d-02507224-8795-496c-b00c-aded9898334c,Redirected url,https://rehab-reviews-staging.herokuapp.com/buprenorphine/beaverton-or/andrew-b-mendenhall-m-d
Id,82,Original url,https://rehab-reviews-staging.herokuapp.com/butler-pa/somasundaram-k-sekaran-m-d-9d068d4f-76ce-4988-8b5f-bae680521b14,Redirected url,https://rehab-reviews-staging.herokuapp.com/buprenorphine/butler-pa/somasundaram-k-sekaran-m-d
Id,83,Original url,https://rehab-reviews-staging.herokuapp.com/dunmore-pa/spiro-kassis-m-d-73b8556f-d6a4-4b34-abbd-3aa9fea1d5c9,Redirected url,https://rehab-reviews-staging.herokuapp.com/buprenorphine/dunmore-pa/spiro-kassis-m-d
Id,84,Original url,https://rehab-reviews-staging.herokuapp.com/hawley-pa/leslie-seiden-m-d-7f1afc80-20fc-4fbb-9041-fe34ff0cc736,Redirected url,https://rehab-reviews-staging.herokuapp.com/buprenorphine/hawley-pa/leslie-seiden-m-d
Id,85,Original url,https://rehab-reviews-staging.herokuapp.com/honesdale-pa/catherine-midge-scholl-m-d-882041b1-a180-4d83-9458-28183a6218f3,Redirected url,https://rehab-reviews-staging.herokuapp.com/buprenorphine/honesdale-pa/catherine-midge-scholl-m-d
Id,86,Original url,https://rehab-reviews-staging.herokuapp.com/philadelphia-pa/richard-a-stefanic-3225f7c0-4adb-40db-9dc0-d14a5b31fd6e,Redirected url,https://rehab-reviews-staging.herokuapp.com/buprenorphine/philadelphia-pa/richard-a-stefanic
Id,87,Original url,https://rehab-reviews-staging.herokuapp.com/primos-pa/jennifer-flam-d-o-154b3de8-a306-4aa8-956b-87f3df9b82e8,Redirected url,https://rehab-reviews-staging.herokuapp.com/buprenorphine/primos-pa/jennifer-flam-d-o
Id,88,Original url,https://rehab-reviews-staging.herokuapp.com/north-kingstown-ri/john-machata-m-d-b752e615-7b28-4209-8193-9b2c1e8db399,Redirected url,https://rehab-reviews-staging.herokuapp.com/buprenorphine/north-kingstown-ri/john-machata-m-d
Id,89,Original url,https://rehab-reviews-staging.herokuapp.com/surfside-beach-sc/brian-k-adler-m-d-96f7b10c-3ac2-449c-83a8-200b78d7143a,Redirected url,https://rehab-reviews-staging.herokuapp.com/buprenorphine/surfside-beach-sc/brian-k-adler-m-d
Id,90,Original url,https://rehab-reviews-staging.herokuapp.com/clarksville-tn/michael-scott-west-m-d-6bc573d2-36d9-4cd6-9afb-26283cb995ff,Redirected url,https://rehab-reviews-staging.herokuapp.com/buprenorphine/clarksville-tn/michael-scott-west-m-d
Id,91,Original url,https://rehab-reviews-staging.herokuapp.com/lenoir-city-tn/albert-c-lee-m-d-4cc86cd6-396a-417b-93a7-23781af0d10a,Redirected url,https://rehab-reviews-staging.herokuapp.com/buprenorphine/lenoir-city-tn/albert-c-lee-m-d
Id,92,Original url,https://rehab-reviews-staging.herokuapp.com/nashville-tn/michael-peter-miller-m-d-2cbd8d74-55fa-4392-b778-6aedf4a4f83f,Redirected url,https://rehab-reviews-staging.herokuapp.com/buprenorphine/nashville-tn/michael-peter-miller-m-d
Id,93,Original url,https://rehab-reviews-staging.herokuapp.com/houston-tx/ronald-alan-green-m-d-b7f87fd4-20aa-4be7-b008-440bb2408b0a,Redirected url,https://rehab-reviews-staging.herokuapp.com/buprenorphine/houston-tx/ronald-alan-green-m-d
Id,94,Original url,https://rehab-reviews-staging.herokuapp.com/houston-tx/okechukwu-obua-m-d-98872652-9ea4-4517-a067-2eedb67e47b5,Redirected url,https://rehab-reviews-staging.herokuapp.com/buprenorphine/houston-tx/okechukwu-obua-m-d
Id,95,Original url,https://rehab-reviews-staging.herokuapp.com/rosanky-tx/james-russel-van-norman-m-d-1184096c-b123-4ccd-85d7-5926232adf57,Redirected url,https://rehab-reviews-staging.herokuapp.com/buprenorphine/rosanky-tx/james-russel-van-norman-m-d
Id,96,Original url,https://rehab-reviews-staging.herokuapp.com/holladay-ut/carl-kent-hebdon-m-d-3cc5dc3f-12d8-40df-912d-a5485ae1fa46,Redirected url,https://rehab-reviews-staging.herokuapp.com/buprenorphine/holladay-ut/carl-kent-hebdon-m-d
Id,97,Original url,https://rehab-reviews-staging.herokuapp.com/murray-ut/thomas-michael-reid-m-d-fb94d075-9046-4c78-b549-901c97e93192,Redirected url,https://rehab-reviews-staging.herokuapp.com/buprenorphine/murray-ut/thomas-michael-reid-m-d
Id,98,Original url,https://rehab-reviews-staging.herokuapp.com/ogden-ut/michael-ramit-grant-m-d-47f317ae-edd3-4435-9971-05da59f40092,Redirected url,https://rehab-reviews-staging.herokuapp.com/buprenorphine/ogden-ut/michael-ramit-grant-m-d
Id,99,Original url,https://rehab-reviews-staging.herokuapp.com/richmond-va/juanita-garrett-m-d-17fe2956-d677-434c-b88f-8b4cb2fd4b62,Redirected url,https://rehab-reviews-staging.herokuapp.com/buprenorphine/richmond-va/juanita-garrett-m-d
Id,100,Original url,https://rehab-reviews-staging.herokuapp.com/roanoke-va/darrin-richard-mangiacarne-d-o-deb86610-afcd-44a6-87d9-21243b021790,Redirected url,https://rehab-reviews-staging.herokuapp.com/buprenorphine/roanoke-va/darrin-richard-mangiacarne-d-o
Id,783643,Original url,https://rehab-reviews-staging.herokuapp.com/omaha-ne/shala-hartmann,Redirected url,https://rehab-reviews-staging.herokuapp.com/therapists/omaha-ne/shala-hartmann
Id,872155,Original url,https://rehab-reviews-staging.herokuapp.com/omaha-ne/peggy-vannortwick,Redirected url,https://rehab-reviews-staging.herokuapp.com/therapists/omaha-ne/peggy-vannortwick
Id,1125222,Original url,https://rehab-reviews-staging.herokuapp.com/omaha-ne/tanesha-shirlon-gilreath,Redirected url,https://rehab-reviews-staging.herokuapp.com/mental-health/omaha-ne/tanesha-shirlon-gilreath
Id,862767,Original url,https://rehab-reviews-staging.herokuapp.com/omaha-ne/paul-m-fine,Redirected url,https://rehab-reviews-staging.herokuapp.com/mental-health/omaha-ne/paul-m-fine
Id,326465,Original url,https://rehab-reviews-staging.herokuapp.com/omaha-ne/patricia-jolly-duran,Redirected url,https://rehab-reviews-staging.herokuapp.com/therapists/omaha-ne/patricia-jolly-duran
Id,345197,Original url,https://rehab-reviews-staging.herokuapp.com/alexandria-va/ajit-wettasinghe,Redirected url,https://rehab-reviews-staging.herokuapp.com/therapists/alexandria-va/ajit-wettasinghe
Id,350187,Original url,https://rehab-reviews-staging.herokuapp.com/omaha-ne/sara-batter,Redirected url,https://rehab-reviews-staging.herokuapp.com/therapists/omaha-ne/sara-batter
Id,365991,Original url,https://rehab-reviews-staging.herokuapp.com/alexandria-va/celeste-ann-sawyer,Redirected url,https://rehab-reviews-staging.herokuapp.com/therapists/alexandria-va/celeste-ann-sawyer
Id,321271,Original url,https://rehab-reviews-staging.herokuapp.com/tampa-fl/arthur-hamlin,Redirected url,https://rehab-reviews-staging.herokuapp.com/therapists/tampa-fl/arthur-hamlin
Id,515934,Original url,https://rehab-reviews-staging.herokuapp.com/omaha-ne/ralph-joseph-orsi,Redirected url,https://rehab-reviews-staging.herokuapp.com/therapists/omaha-ne/ralph-joseph-orsi
Id,533783,Original url,https://rehab-reviews-staging.herokuapp.com/omaha-ne/sarita-l-ruma,Redirected url,https://rehab-reviews-staging.herokuapp.com/therapists/omaha-ne/sarita-l-ruma
Id,422676,Original url,https://rehab-reviews-staging.herokuapp.com/virginia-beach-va/jennifer-field-brown,Redirected url,https://rehab-reviews-staging.herokuapp.com/therapists/virginia-beach-va/jennifer-field-brown
Id,679424,Original url,https://rehab-reviews-staging.herokuapp.com/omaha-ne/soley-quinlin-lathrop,Redirected url,https://rehab-reviews-staging.herokuapp.com/therapists/omaha-ne/soley-quinlin-lathrop
Id,748400,Original url,https://rehab-reviews-staging.herokuapp.com/omaha-ne/rhonda-turner,Redirected url,https://rehab-reviews-staging.herokuapp.com/therapists/omaha-ne/rhonda-turner
Id,779631,Original url,https://rehab-reviews-staging.herokuapp.com/omaha-ne/roberto-francisco-cervantes,Redirected url,https://rehab-reviews-staging.herokuapp.com/therapists/omaha-ne/roberto-francisco-cervantes
Id,416097,Original url,https://rehab-reviews-staging.herokuapp.com/lynchburg-va/moni-baidya,Redirected url,https://rehab-reviews-staging.herokuapp.com/therapists/lynchburg-va/moni-baidya
Id,868797,Original url,https://rehab-reviews-staging.herokuapp.com/staunton-va/gary-bass,Redirected url,https://rehab-reviews-staging.herokuapp.com/therapists/staunton-va/gary-bass
Id,919472,Original url,https://rehab-reviews-staging.herokuapp.com/alexandria-va/laura-marie-sauer,Redirected url,https://rehab-reviews-staging.herokuapp.com/therapists/alexandria-va/laura-marie-sauer
Id,981975,Original url,https://rehab-reviews-staging.herokuapp.com/omaha-ne/shelley-kay-pool,Redirected url,https://rehab-reviews-staging.herokuapp.com/therapists/omaha-ne/shelley-kay-pool
Id,670348,Original url,https://rehab-reviews-staging.herokuapp.com/omaha-ne/paulajo-malin,Redirected url,https://rehab-reviews-staging.herokuapp.com/mental-health/omaha-ne/paulajo-malin
Id,359922,Original url,https://rehab-reviews-staging.herokuapp.com/omaha-ne/shelby-l-hoskins,Redirected url,https://rehab-reviews-staging.herokuapp.com/therapists/omaha-ne/shelby-l-hoskins
Id,397103,Original url,https://rehab-reviews-staging.herokuapp.com/omaha-ne/samantha-r-willey,Redirected url,https://rehab-reviews-staging.herokuapp.com/therapists/omaha-ne/samantha-r-willey
Id,455287,Original url,https://rehab-reviews-staging.herokuapp.com/omaha-ne/robyn-marie-sederstrom,Redirected url,https://rehab-reviews-staging.herokuapp.com/therapists/omaha-ne/robyn-marie-sederstrom
Id,566341,Original url,https://rehab-reviews-staging.herokuapp.com/omaha-ne/stephanie-a-peterson,Redirected url,https://rehab-reviews-staging.herokuapp.com/therapists/omaha-ne/stephanie-a-peterson
Id,1834393,Original url,https://rehab-reviews-staging.herokuapp.com/alternative-medicine/downingtown-pa/christian-loedel,Redirected url,https://rehab-reviews-staging.herokuapp.com/alternative-medicine/downingtown-pa/christian-loedel
Id,609969,Original url,https://rehab-reviews-staging.herokuapp.com/omaha-ne/susan-jayne-schlegel,Redirected url,https://rehab-reviews-staging.herokuapp.com/therapists/omaha-ne/susan-jayne-schlegel
Id,701718,Original url,https://rehab-reviews-staging.herokuapp.com/omaha-ne/robert-c-townsend,Redirected url,https://rehab-reviews-staging.herokuapp.com/therapists/omaha-ne/robert-c-townsend
Id,624406,Original url,https://rehab-reviews-staging.herokuapp.com/staunton-va/lou-gene-bartram,Redirected url,https://rehab-reviews-staging.herokuapp.com/mental-health/staunton-va/lou-gene-bartram
Id,721628,Original url,https://rehab-reviews-staging.herokuapp.com/omaha-ne/silvini-a-salvi,Redirected url,https://rehab-reviews-staging.herokuapp.com/therapists/omaha-ne/silvini-a-salvi
Id,726850,Original url,https://rehab-reviews-staging.herokuapp.com/staunton-va/thomas-miller-03481a1e-19de-4262-b026-e096d570515d,Redirected url,https://rehab-reviews-staging.herokuapp.com/therapists/staunton-va/thomas-miller-03481a1e-19de-4262-b026-e096d570515d
Id,735625,Original url,https://rehab-reviews-staging.herokuapp.com/omaha-ne/sheena-marie-o-kane,Redirected url,https://rehab-reviews-staging.herokuapp.com/therapists/omaha-ne/sheena-marie-o-kane
Id,769505,Original url,https://rehab-reviews-staging.herokuapp.com/alexandria-va/tawana-herring,Redirected url,https://rehab-reviews-staging.herokuapp.com/therapists/alexandria-va/tawana-herring
Id,769679,Original url,https://rehab-reviews-staging.herokuapp.com/alexandria-va/deborah-asher-hertzberg,Redirected url,https://rehab-reviews-staging.herokuapp.com/therapists/alexandria-va/deborah-asher-hertzberg
Id,773052,Original url,https://rehab-reviews-staging.herokuapp.com/omaha-ne/ryan-paul-carruthers,Redirected url,https://rehab-reviews-staging.herokuapp.com/therapists/omaha-ne/ryan-paul-carruthers
Id,777108,Original url,https://rehab-reviews-staging.herokuapp.com/omaha-ne/stephanie-hraban,Redirected url,https://rehab-reviews-staging.herokuapp.com/therapists/omaha-ne/stephanie-hraban
Id,798315,Original url,https://rehab-reviews-staging.herokuapp.com/omaha-ne/shannon-michelle-motter,Redirected url,https://rehab-reviews-staging.herokuapp.com/therapists/omaha-ne/shannon-michelle-motter
Id,799691,Original url,https://rehab-reviews-staging.herokuapp.com/omaha-ne/penelope-cavender,Redirected url,https://rehab-reviews-staging.herokuapp.com/therapists/omaha-ne/penelope-cavender
Id,867443,Original url,https://rehab-reviews-staging.herokuapp.com/omaha-ne/susanne-huebner,Redirected url,https://rehab-reviews-staging.herokuapp.com/therapists/omaha-ne/susanne-huebner
Id,458963,Original url,https://rehab-reviews-staging.herokuapp.com/peoria-il/kevin-siscoe,Redirected url,https://rehab-reviews-staging.herokuapp.com/therapists/peoria-il/kevin-siscoe
Id,1156787,Original url,https://rehab-reviews-staging.herokuapp.com/omaha-ne/sara-renee-else,Redirected url,https://rehab-reviews-staging.herokuapp.com/mental-health/omaha-ne/sara-renee-else
Id,290906,Original url,https://rehab-reviews-staging.herokuapp.com/roswell-ga/glen-h-havens,Redirected url,https://rehab-reviews-staging.herokuapp.com/therapists/roswell-ga/glen-h-havens
Id,381609,Original url,https://rehab-reviews-staging.herokuapp.com/omaha-ne/stacy-lynn-vaughn,Redirected url,https://rehab-reviews-staging.herokuapp.com/therapists/omaha-ne/stacy-lynn-vaughn
Id,1044156,Original url,https://rehab-reviews-staging.herokuapp.com/corpus-christi-tx/stephanie-salas,Redirected url,https://rehab-reviews-staging.herokuapp.com/therapists/corpus-christi-tx/stephanie-salas
Id,402967,Original url,https://rehab-reviews-staging.herokuapp.com/omaha-ne/shari-marie-conner,Redirected url,https://rehab-reviews-staging.herokuapp.com/therapists/omaha-ne/shari-marie-conner
Id,418681,Original url,https://rehab-reviews-staging.herokuapp.com/omaha-ne/teresa-m-schumacher,Redirected url,https://rehab-reviews-staging.herokuapp.com/therapists/omaha-ne/teresa-m-schumacher
Id,446369,Original url,https://rehab-reviews-staging.herokuapp.com/omaha-ne/stanley-andrew-garbacz,Redirected url,https://rehab-reviews-staging.herokuapp.com/therapists/omaha-ne/stanley-andrew-garbacz
Id,416097,Original url,https://rehab-reviews-staging.herokuapp.com/lynchburg-va/moni-baidya,Redirected url,https://rehab-reviews-staging.herokuapp.com/therapists/lynchburg-va/moni-baidya
Id,461165,Original url,https://rehab-reviews-staging.herokuapp.com/omaha-ne/scarlett-k-shockley,Redirected url,https://rehab-reviews-staging.herokuapp.com/therapists/omaha-ne/scarlett-k-shockley
Id,495660,Original url,https://rehab-reviews-staging.herokuapp.com/omaha-ne/scott-a-bryant,Redirected url,https://rehab-reviews-staging.herokuapp.com/therapists/omaha-ne/scott-a-bryant
Id,406594,Original url,https://rehab-reviews-staging.herokuapp.com/omaha-ne/rebecca-smith-3,Redirected url,https://rehab-reviews-staging.herokuapp.com/therapists/omaha-ne/rebecca-smith-2
Id,271956,Original url,https://rehab-reviews-staging.herokuapp.com/raleigh-nc/neal-gagnon,Redirected url,https://rehab-reviews-staging.herokuapp.com/therapists/raleigh-nc/neal-gagnon
Id,769507,Original url,https://rehab-reviews-staging.herokuapp.com/omaha-ne/theresa-annette-herring,Redirected url,https://rehab-reviews-staging.herokuapp.com/therapists/omaha-ne/theresa-annette-herring
Id,803480,Original url,https://rehab-reviews-staging.herokuapp.com/omaha-ne/sergio-palomo,Redirected url,https://rehab-reviews-staging.herokuapp.com/therapists/omaha-ne/sergio-palomo
Id,807613,Original url,https://rehab-reviews-staging.herokuapp.com/omaha-ne/susan-elizabeth-coffey,Redirected url,https://rehab-reviews-staging.herokuapp.com/therapists/omaha-ne/susan-elizabeth-coffey
Id,400794,Original url,https://rehab-reviews-staging.herokuapp.com/omaha-ne/sarah-m-smith-1,Redirected url,https://rehab-reviews-staging.herokuapp.com/therapists/omaha-ne/sarah-m-smith-4
Id,906754,Original url,https://rehab-reviews-staging.herokuapp.com/omaha-ne/shannon-m-kinnan,Redirected url,https://rehab-reviews-staging.herokuapp.com/therapists/omaha-ne/shannon-m-kinnan
Id,996000,Original url,https://rehab-reviews-staging.herokuapp.com/omaha-ne/rachel-faust,Redirected url,https://rehab-reviews-staging.herokuapp.com/therapists/omaha-ne/rachel-faust
Id,1010333,Original url,https://rehab-reviews-staging.herokuapp.com/omaha-ne/steven-edwin-taylor,Redirected url,https://rehab-reviews-staging.herokuapp.com/therapists/omaha-ne/steven-edwin-taylor
Id,351267,Original url,https://rehab-reviews-staging.herokuapp.com/omaha-ne/sarah-thompson,Redirected url,https://rehab-reviews-staging.herokuapp.com/therapists/omaha-ne/sarah-thompson
Id,376695,Original url,https://rehab-reviews-staging.herokuapp.com/omaha-ne/sarah-lyn-jones,Redirected url,https://rehab-reviews-staging.herokuapp.com/therapists/omaha-ne/sarah-lyn-jones
Id,457569,Original url,https://rehab-reviews-staging.herokuapp.com/omaha-ne/sarah-ann-nelson,Redirected url,https://rehab-reviews-staging.herokuapp.com/therapists/omaha-ne/sarah-ann-nelson
Id,502933,Original url,https://rehab-reviews-staging.herokuapp.com/omaha-ne/teresa-lynn-mallett,Redirected url,https://rehab-reviews-staging.herokuapp.com/therapists/omaha-ne/teresa-lynn-mallett
Id,513374,Original url,https://rehab-reviews-staging.herokuapp.com/omaha-ne/sara-s-kupzyk,Redirected url,https://rehab-reviews-staging.herokuapp.com/therapists/omaha-ne/sara-s-kupzyk
Id,431639,Original url,https://rehab-reviews-staging.herokuapp.com/rosemead-ca/wakelin-mcneel-iii,Redirected url,https://rehab-reviews-staging.herokuapp.com/therapists/rosemead-ca/wakelin-mcneel-iii
Id,524918,Original url,https://rehab-reviews-staging.herokuapp.com/omaha-ne/shekenna-wright,Redirected url,https://rehab-reviews-staging.herokuapp.com/therapists/omaha-ne/shekenna-wright
Id,545425,Original url,https://rehab-reviews-staging.herokuapp.com/omaha-ne/roxanne-worley,Redirected url,https://rehab-reviews-staging.herokuapp.com/therapists/omaha-ne/roxanne-worley
Id,697812,Original url,https://rehab-reviews-staging.herokuapp.com/omaha-ne/ryan-thomas-evans,Redirected url,https://rehab-reviews-staging.herokuapp.com/therapists/omaha-ne/ryan-thomas-evans
Id,808988,Original url,https://rehab-reviews-staging.herokuapp.com/omaha-ne/samuel-burns,Redirected url,https://rehab-reviews-staging.herokuapp.com/therapists/omaha-ne/samuel-burns
Id,551616,Original url,https://rehab-reviews-staging.herokuapp.com/portsmouth-va/stuart-ruark,Redirected url,https://rehab-reviews-staging.herokuapp.com/therapists/portsmouth-va/stuart-ruark
Id,821720,Original url,https://rehab-reviews-staging.herokuapp.com/omaha-ne/sharon-baker,Redirected url,https://rehab-reviews-staging.herokuapp.com/therapists/omaha-ne/sharon-baker
Id,845330,Original url,https://rehab-reviews-staging.herokuapp.com/omaha-ne/tenycia-shepherd,Redirected url,https://rehab-reviews-staging.herokuapp.com/mental-health/omaha-ne/tenycia-shepherd
Id,885217,Original url,https://rehab-reviews-staging.herokuapp.com/staunton-va/mary-c-bauman,Redirected url,https://rehab-reviews-staging.herokuapp.com/mental-health/staunton-va/mary-c-bauman
Id,1288139,Original url,https://rehab-reviews-staging.herokuapp.com/omaha-ne/rakel-dawn-reed,Redirected url,https://rehab-reviews-staging.herokuapp.com/mental-health/omaha-ne/rakel-dawn-reed
Id,1302292,Original url,https://rehab-reviews-staging.herokuapp.com/omaha-ne/teresa-susan-bunjer,Redirected url,https://rehab-reviews-staging.herokuapp.com/mental-health/omaha-ne/teresa-susan-bunjer
Id,316052,Original url,https://rehab-reviews-staging.herokuapp.com/union-city-ca/diane-enos,Redirected url,https://rehab-reviews-staging.herokuapp.com/therapists/union-city-ca/diane-enos
Id,331909,Original url,https://rehab-reviews-staging.herokuapp.com/omaha-ne/sarah-j-loseke,Redirected url,https://rehab-reviews-staging.herokuapp.com/therapists/omaha-ne/sarah-j-loseke
Id,398551,Original url,https://rehab-reviews-staging.herokuapp.com/omaha-ne/therese-l-mathews,Redirected url,https://rehab-reviews-staging.herokuapp.com/therapists/omaha-ne/therese-l-mathews
Id,402821,Original url,https://rehab-reviews-staging.herokuapp.com/omaha-ne/sarah-e-coniglio,Redirected url,https://rehab-reviews-staging.herokuapp.com/therapists/omaha-ne/sarah-e-coniglio
Id,405149,Original url,https://rehab-reviews-staging.herokuapp.com/omaha-ne/shannon-michelle-limbeck,Redirected url,https://rehab-reviews-staging.herokuapp.com/therapists/omaha-ne/shannon-michelle-limbeck
Id,405891,Original url,https://rehab-reviews-staging.herokuapp.com/omaha-ne/tale-dekpo-mahlagidi,Redirected url,https://rehab-reviews-staging.herokuapp.com/therapists/omaha-ne/tale-dekpo-mahlagidi
Id,410278,Original url,https://rehab-reviews-staging.herokuapp.com/omaha-ne/stephen-john-abraham,Redirected url,https://rehab-reviews-staging.herokuapp.com/therapists/omaha-ne/stephen-john-abraham
Id,427007,Original url,https://rehab-reviews-staging.herokuapp.com/portsmouth-va/j-kellie-young-evans,Redirected url,https://rehab-reviews-staging.herokuapp.com/therapists/portsmouth-va/j-kellie-young-evans
Id,465382,Original url,https://rehab-reviews-staging.herokuapp.com/omaha-ne/sean-odell,Redirected url,https://rehab-reviews-staging.herokuapp.com/therapists/omaha-ne/sean-odell
Id,545933,Original url,https://rehab-reviews-staging.herokuapp.com/omaha-ne/tania-fiacco,Redirected url,https://rehab-reviews-staging.herokuapp.com/therapists/omaha-ne/tania-fiacco
Id,571017,Original url,https://rehab-reviews-staging.herokuapp.com/omaha-ne/staci-leach,Redirected url,https://rehab-reviews-staging.herokuapp.com/therapists/omaha-ne/staci-leach
Id,609968,Original url,https://rehab-reviews-staging.herokuapp.com/omaha-ne/tara-michelle-kampen,Redirected url,https://rehab-reviews-staging.herokuapp.com/therapists/omaha-ne/tara-michelle-kampen
Id,422676,Original url,https://rehab-reviews-staging.herokuapp.com/virginia-beach-va/jennifer-field-brown,Redirected url,https://rehab-reviews-staging.herokuapp.com/therapists/virginia-beach-va/jennifer-field-brown
Id,917978,Original url,https://rehab-reviews-staging.herokuapp.com/omaha-ne/shana-s-romero,Redirected url,https://rehab-reviews-staging.herokuapp.com/therapists/omaha-ne/shana-s-romero
Id,365991,Original url,https://rehab-reviews-staging.herokuapp.com/alexandria-va/celeste-ann-sawyer,Redirected url,https://rehab-reviews-staging.herokuapp.com/therapists/alexandria-va/celeste-ann-sawyer
Id,406676,Original url,https://rehab-reviews-staging.herokuapp.com/omaha-ne/sarah-m-smith-3,Redirected url,https://rehab-reviews-staging.herokuapp.com/therapists/omaha-ne/sarah-m-smith-2
Id,663012,Original url,https://rehab-reviews-staging.herokuapp.com/omaha-ne/sheri-lynn-plugge,Redirected url,https://rehab-reviews-staging.herokuapp.com/mental-health/omaha-ne/sheri-lynn-plugge
Id,845330,Original url,https://rehab-reviews-staging.herokuapp.com/omaha-ne/tenycia-shepherd,Redirected url,https://rehab-reviews-staging.herokuapp.com/mental-health/omaha-ne/tenycia-shepherd
Id,327746,Original url,https://rehab-reviews-staging.herokuapp.com/omaha-ne/susan-m-coe,Redirected url,https://rehab-reviews-staging.herokuapp.com/therapists/omaha-ne/susan-m-coe
Id,656127,Original url,https://rehab-reviews-staging.herokuapp.com/philadelphia-pa/kristi-fults,Redirected url,https://rehab-reviews-staging.herokuapp.com/therapists/philadelphia-pa/kristi-fults
Id,334717,Original url,https://rehab-reviews-staging.herokuapp.com/onalaska-wi/jenessa-ann-hill,Redirected url,https://rehab-reviews-staging.herokuapp.com/therapists/onalaska-wi/jenessa-ann-hill
Id,359518,Original url,https://rehab-reviews-staging.herokuapp.com/onalaska-wi/jonathan-sabin,Redirected url,https://rehab-reviews-staging.herokuapp.com/therapists/onalaska-wi/jonathan-sabin
Id,362669,Original url,https://rehab-reviews-staging.herokuapp.com/omaha-ne/teri-larae-gabel,Redirected url,https://rehab-reviews-staging.herokuapp.com/therapists/omaha-ne/teri-larae-gabel
Id,366112,Original url,https://rehab-reviews-staging.herokuapp.com/omaha-ne/tracy-muller,Redirected url,https://rehab-reviews-staging.herokuapp.com/therapists/omaha-ne/tracy-muller
Id,393437,Original url,https://rehab-reviews-staging.herokuapp.com/omaha-ne/vince-e-maytubby,Redirected url,https://rehab-reviews-staging.herokuapp.com/therapists/omaha-ne/vince-e-maytubby
Id,429790,Original url,https://rehab-reviews-staging.herokuapp.com/falls-church-va/thomas-a-wallace,Redirected url,https://rehab-reviews-staging.herokuapp.com/therapists/falls-church-va/thomas-a-wallace
Id,214456,Original url,https://rehab-reviews-staging.herokuapp.com/portland-or/cascadia-behavioral-healthcare-2,Redirected url,https://rehab-reviews-staging.herokuapp.com/rehabs/portland-or/cascadia-behavioral-healthcare-1
Id,214468,Original url,https://rehab-reviews-staging.herokuapp.com/portland-or/lutheran-community-services-nw-2,Redirected url,https://rehab-reviews-staging.herokuapp.com/rehabs/portland-or/lutheran-community-services-nw-1
Id,214499,Original url,https://rehab-reviews-staging.herokuapp.com/redmond-or/bestcare-treatment-services-3,Redirected url,https://rehab-reviews-staging.herokuapp.com/rehabs/redmond-or/bestcare-treatment-services-2
Id,214517,Original url,https://rehab-reviews-staging.herokuapp.com/salem-or/serenity-lane-5,Redirected url,https://rehab-reviews-staging.herokuapp.com/rehabs/salem-or/serenity-lane-4
Id,214525,Original url,https://rehab-reviews-staging.herokuapp.com/sweet-home-or/linn-county-health-services-2,Redirected url,https://rehab-reviews-staging.herokuapp.com/rehabs/sweet-home-or/linn-county-health-services-1
Id,214527,Original url,https://rehab-reviews-staging.herokuapp.com/tigard-or/pacific-alcohol-and-drug-counseling-inc-1,Redirected url,https://rehab-reviews-staging.herokuapp.com/rehabs/tigard-or/pacific-alcohol-and-drug-counseling-inc-2
Id,214539,Original url,https://rehab-reviews-staging.herokuapp.com/woodburn-or/seasons-counseling-inc-3,Redirected url,https://rehab-reviews-staging.herokuapp.com/rehabs/woodburn-or/seasons-counseling-inc-2
Id,214562,Original url,https://rehab-reviews-staging.herokuapp.com/baden-pa/gateway-rehabilitation-center-1,Redirected url,https://rehab-reviews-staging.herokuapp.com/rehabs/baden-pa/gateway-rehabilitation-center-2
Id,214651,Original url,https://rehab-reviews-staging.herokuapp.com/flourtown-pa/carson-valley-childrens-aid-1,Redirected url,https://rehab-reviews-staging.herokuapp.com/rehabs/flourtown-pa/carson-valley-childrens-aid-2
Id,214668,Original url,https://rehab-reviews-staging.herokuapp.com/hanover-pa/adams-hanover-counseling-services-inc-1,Redirected url,https://rehab-reviews-staging.herokuapp.com/rehabs/hanover-pa/adams-hanover-counseling-services-inc-4
Id,214684,Original url,https://rehab-reviews-staging.herokuapp.com/hershey-pa/guidance-associates-of-pennsylvania-1,Redirected url,https://rehab-reviews-staging.herokuapp.com/rehabs/hershey-pa/guidance-associates-of-pennsylvania-2
Id,214685,Original url,https://rehab-reviews-staging.herokuapp.com/honesdale-pa/pa-treatment-and-healing-2,Redirected url,https://rehab-reviews-staging.herokuapp.com/rehabs/honesdale-pa/pa-treatment-and-healing-1
Id,214686,Original url,https://rehab-reviews-staging.herokuapp.com/houston-pa/progressive-medical-specialists-inc-1,Redirected url,https://rehab-reviews-staging.herokuapp.com/rehabs/houston-pa/progressive-medical-specialists-inc-3
Id,214712,Original url,https://rehab-reviews-staging.herokuapp.com/lancaster-pa/naaman-center-1,Redirected url,https://rehab-reviews-staging.herokuapp.com/rehabs/lancaster-pa/naaman-center-2
Id,214729,Original url,https://rehab-reviews-staging.herokuapp.com/levittown-pa/livengrin-counseling-center-1,Redirected url,https://rehab-reviews-staging.herokuapp.com/rehabs/levittown-pa/livengrin-counseling-center-2
Id,214731,Original url,https://rehab-reviews-staging.herokuapp.com/lewistown-pa/clear-concepts-counseling-1,Redirected url,https://rehab-reviews-staging.herokuapp.com/rehabs/lewistown-pa/clear-concepts-counseling-3
Id,214749,Original url,https://rehab-reviews-staging.herokuapp.com/milton-pa/pa-treatment-and-healing-5,Redirected url,https://rehab-reviews-staging.herokuapp.com/rehabs/milton-pa/pa-treatment-and-healing-4
Id,214746,Original url,https://rehab-reviews-staging.herokuapp.com/middleburg-pa/pa-treatment-and-healing-4,Redirected url,https://rehab-reviews-staging.herokuapp.com/rehabs/middleburg-pa/pa-treatment-and-healing-3
Id,214784,Original url,https://rehab-reviews-staging.herokuapp.com/philadelphia-pa/penn-presbyterian-medical-center-1,Redirected url,https://rehab-reviews-staging.herokuapp.com/rehabs/philadelphia-pa/penn-presbyterian-medical-center-2
Id,493582,Original url,https://rehab-reviews-staging.herokuapp.com/mc-lean-va/christine-h-haas-61cb681d-35cf-48b8-a607-449bfd22d291,Redirected url,https://rehab-reviews-staging.herokuapp.com/therapists/mc-lean-va/christine-h-haas-1
Id,214833,Original url,https://rehab-reviews-staging.herokuapp.com/philadelphia-pa/wedge-medical-center-2,Redirected url,https://rehab-reviews-staging.herokuapp.com/rehabs/philadelphia-pa/wedge-medical-center-1
Id,214851,Original url,https://rehab-reviews-staging.herokuapp.com/philadelphia-pa/wedge-medical-center-3,Redirected url,https://rehab-reviews-staging.herokuapp.com/rehabs/philadelphia-pa/wedge-medical-center-2
Id,214856,Original url,https://rehab-reviews-staging.herokuapp.com/phoenixville-pa/rehab-after-work-4,Redirected url,https://rehab-reviews-staging.herokuapp.com/rehabs/phoenixville-pa/rehab-after-work-3
Id,214858,Original url,https://rehab-reviews-staging.herokuapp.com/pittsburgh-pa/progressive-medical-specialists-inc-2,Redirected url,https://rehab-reviews-staging.herokuapp.com/rehabs/pittsburgh-pa/progressive-medical-specialists-inc-1
Id,214878,Original url,https://rehab-reviews-staging.herokuapp.com/pittsburgh-pa/wesley-spectrum-services-1,Redirected url,https://rehab-reviews-staging.herokuapp.com/rehabs/pittsburgh-pa/wesley-spectrum-services-5
Id,214886,Original url,https://rehab-reviews-staging.herokuapp.com/pittsburgh-pa/salvation-army-harbor-light-center-3,Redirected url,https://rehab-reviews-staging.herokuapp.com/rehabs/pittsburgh-pa/salvation-army-harbor-light-center-2
Id,214896,Original url,https://rehab-reviews-staging.herokuapp.com/pottstown-pa/malvern-institute-1,Redirected url,https://rehab-reviews-staging.herokuapp.com/rehabs/pottstown-pa/malvern-institute-2
Id,214924,Original url,https://rehab-reviews-staging.herokuapp.com/shrewsbury-pa/adams-hanover-counseling-services-inc-2,Redirected url,https://rehab-reviews-staging.herokuapp.com/rehabs/shrewsbury-pa/adams-hanover-counseling-services-inc-1
Id,214931,Original url,https://rehab-reviews-staging.herokuapp.com/state-college-pa/pa-treatment-and-healing-8,Redirected url,https://rehab-reviews-staging.herokuapp.com/rehabs/state-college-pa/pa-treatment-and-healing-7
Id,214977,Original url,https://rehab-reviews-staging.herokuapp.com/wilkes-barre-pa/wyoming-valley-alcohol-and-drug-services-inc-1,Redirected url,https://rehab-reviews-staging.herokuapp.com/rehabs/wilkes-barre-pa/wyoming-valley-alcohol-and-drug-services-inc-2
Id,214995,Original url,https://rehab-reviews-staging.herokuapp.com/york-pa/rehab-after-work-5,Redirected url,https://rehab-reviews-staging.herokuapp.com/rehabs/york-pa/rehab-after-work-4
Id,214996,Original url,https://rehab-reviews-staging.herokuapp.com/york-pa/adams-hanover-counseling-services-inc-3,Redirected url,https://rehab-reviews-staging.herokuapp.com/rehabs/york-pa/adams-hanover-counseling-services-inc-2
Id,215125,Original url,https://rehab-reviews-staging.herokuapp.com/barrington-ri/east-bay-center-1,Redirected url,https://rehab-reviews-staging.herokuapp.com/rehabs/barrington-ri/east-bay-center-2
Id,215156,Original url,https://rehab-reviews-staging.herokuapp.com/providence-ri/phoenix-house-of-new-england-1,Redirected url,https://rehab-reviews-staging.herokuapp.com/rehabs/providence-ri/phoenix-house-of-new-england-2
Id,215158,Original url,https://rehab-reviews-staging.herokuapp.com/providence-ri/family-service-of-rhode-island-1,Redirected url,https://rehab-reviews-staging.herokuapp.com/rehabs/providence-ri/family-service-of-rhode-island-2
Id,215168,Original url,https://rehab-reviews-staging.herokuapp.com/warwick-ri/kent-center-1,Redirected url,https://rehab-reviews-staging.herokuapp.com/rehabs/warwick-ri/kent-center-2
Id,215196,Original url,https://rehab-reviews-staging.herokuapp.com/chesterfield-sc/alpha-center-1,Redirected url,https://rehab-reviews-staging.herokuapp.com/rehabs/chesterfield-sc/alpha-center-2
Id,215211,Original url,https://rehab-reviews-staging.herokuapp.com/edgefield-sc/cornerstone-1,Redirected url,https://rehab-reviews-staging.herokuapp.com/rehabs/edgefield-sc/cornerstone-4
Id,215234,Original url,https://rehab-reviews-staging.herokuapp.com/greenwood-sc/cornerstone-2,Redirected url,https://rehab-reviews-staging.herokuapp.com/rehabs/greenwood-sc/cornerstone-1
Id,215248,Original url,https://rehab-reviews-staging.herokuapp.com/moncks-corner-sc/ernest-e-kennedy-center-1,Redirected url,https://rehab-reviews-staging.herokuapp.com/rehabs/moncks-corner-sc/ernest-e-kennedy-center-2
Id,215263,Original url,https://rehab-reviews-staging.herokuapp.com/spartanburg-sc/don-foster-and-associates-inc-1,Redirected url,https://rehab-reviews-staging.herokuapp.com/rehabs/spartanburg-sc/don-foster-and-associates-inc-2
Id,215276,Original url,https://rehab-reviews-staging.herokuapp.com/brookings-sd/east-central-behavioral-health-1,Redirected url,https://rehab-reviews-staging.herokuapp.com/rehabs/brookings-sd/east-central-behavioral-health-2
Id,215302,Original url,https://rehab-reviews-staging.herokuapp.com/rapid-city-sd/wellspring-inc-1,Redirected url,https://rehab-reviews-staging.herokuapp.com/rehabs/rapid-city-sd/wellspring-inc-2
Id,215332,Original url,https://rehab-reviews-staging.herokuapp.com/seymour-tn/cherokee-health-systems-1,Redirected url,https://rehab-reviews-staging.herokuapp.com/rehabs/seymour-tn/cherokee-health-systems-20
Id,215334,Original url,https://rehab-reviews-staging.herokuapp.com/bolivar-tn/quinco-community-mental-health-center-1,Redirected url,https://rehab-reviews-staging.herokuapp.com/rehabs/bolivar-tn/quinco-community-mental-health-center-2
Id,215362,Original url,https://rehab-reviews-staging.herokuapp.com/dickson-tn/centerstone-3,Redirected url,https://rehab-reviews-staging.herokuapp.com/rehabs/dickson-tn/centerstone-2
Id,215363,Original url,https://rehab-reviews-staging.herokuapp.com/dyersburg-tn/professional-care-services-of-west-tennessee-1,Redirected url,https://rehab-reviews-staging.herokuapp.com/rehabs/dyersburg-tn/professional-care-services-of-west-tennessee-4
Id,215447,Original url,https://rehab-reviews-staging.herokuapp.com/morristown-tn/new-hope-recovery-center-1,Redirected url,https://rehab-reviews-staging.herokuapp.com/rehabs/morristown-tn/new-hope-recovery-center-2
Id,215407,Original url,https://rehab-reviews-staging.herokuapp.com/knoxville-tn/cherokee-health-systems-3,Redirected url,https://rehab-reviews-staging.herokuapp.com/rehabs/knoxville-tn/cherokee-health-systems-2
Id,215456,Original url,https://rehab-reviews-staging.herokuapp.com/nashville-tn/united-neighborhood-health-services-1,Redirected url,https://rehab-reviews-staging.herokuapp.com/rehabs/nashville-tn/united-neighborhood-health-services-2
Id,215464,Original url,https://rehab-reviews-staging.herokuapp.com/nashville-tn/lifecare-family-services-1,Redirected url,https://rehab-reviews-staging.herokuapp.com/rehabs/nashville-tn/lifecare-family-services-3
Id,215471,Original url,https://rehab-reviews-staging.herokuapp.com/new-tazewell-tn/cherokee-health-systems-6,Redirected url,https://rehab-reviews-staging.herokuapp.com/rehabs/new-tazewell-tn/cherokee-health-systems-5
Id,215490,Original url,https://rehab-reviews-staging.herokuapp.com/seymour-tn/cherokee-health-systems-8,Redirected url,https://rehab-reviews-staging.herokuapp.com/rehabs/seymour-tn/cherokee-health-systems-7
Id,215492,Original url,https://rehab-reviews-staging.herokuapp.com/smyrna-tn/guidance-center-3,Redirected url,https://rehab-reviews-staging.herokuapp.com/rehabs/smyrna-tn/guidance-center-2
Id,215493,Original url,https://rehab-reviews-staging.herokuapp.com/somerville-tn/professional-care-services-of-west-tennessee-3,Redirected url,https://rehab-reviews-staging.herokuapp.com/rehabs/somerville-tn/professional-care-services-of-west-tennessee-2
Id,215495,Original url,https://rehab-reviews-staging.herokuapp.com/sweetwater-tn/action-counseling-and-consulting-1,Redirected url,https://rehab-reviews-staging.herokuapp.com/rehabs/sweetwater-tn/action-counseling-and-consulting-2
Id,215509,Original url,https://rehab-reviews-staging.herokuapp.com/amarillo-tx/amarillo-va-healthcare-system-1,Redirected url,https://rehab-reviews-staging.herokuapp.com/rehabs/amarillo-tx/amarillo-va-healthcare-system-3
Id,215617,Original url,https://rehab-reviews-staging.herokuapp.com/devine-tx/south-texas-rural-health-services-inc-1,Redirected url,https://rehab-reviews-staging.herokuapp.com/rehabs/devine-tx/south-texas-rural-health-services-inc-4
Id,215623,Original url,https://rehab-reviews-staging.herokuapp.com/edinburg-tx/south-texas-behavioral-health-center-1,Redirected url,https://rehab-reviews-staging.herokuapp.com/rehabs/edinburg-tx/south-texas-behavioral-health-center-2
Id,215658,Original url,https://rehab-reviews-staging.herokuapp.com/garland-tx/phoenix-associates-counseling-services-2,Redirected url,https://rehab-reviews-staging.herokuapp.com/rehabs/garland-tx/phoenix-associates-counseling-services-1
Id,215648,Original url,https://rehab-reviews-staging.herokuapp.com/fort-worth-tx/phoenix-associates-counseling-services-1,Redirected url,https://rehab-reviews-staging.herokuapp.com/rehabs/fort-worth-tx/phoenix-associates-counseling-services-3
Id,215679,Original url,https://rehab-reviews-staging.herokuapp.com/houston-tx/center-for-success-and-independence-1,Redirected url,https://rehab-reviews-staging.herokuapp.com/rehabs/houston-tx/center-for-success-and-independence-3
Id,215680,Original url,https://rehab-reviews-staging.herokuapp.com/houston-tx/center-for-success-and-independence-2,Redirected url,https://rehab-reviews-staging.herokuapp.com/rehabs/houston-tx/center-for-success-and-independence-1
Id,215691,Original url,https://rehab-reviews-staging.herokuapp.com/houston-tx/unlimited-visions-aftercare-inc-1,Redirected url,https://rehab-reviews-staging.herokuapp.com/rehabs/houston-tx/unlimited-visions-aftercare-inc-3
Id,215722,Original url,https://rehab-reviews-staging.herokuapp.com/houston-tx/road-to-recovery-1,Redirected url,https://rehab-reviews-staging.herokuapp.com/rehabs/houston-tx/road-to-recovery-2
Id,215725,Original url,https://rehab-reviews-staging.herokuapp.com/huntsville-tx/volunteers-of-america-1,Redirected url,https://rehab-reviews-staging.herokuapp.com/rehabs/huntsville-tx/volunteers-of-america-2
Id,215768,Original url,https://rehab-reviews-staging.herokuapp.com/mount-pleasant-tx/lakes-regional-mh-mr-center-2,Redirected url,https://rehab-reviews-staging.herokuapp.com/rehabs/mount-pleasant-tx/lakes-regional-mh-mr-center-1
Id,215780,Original url,https://rehab-reviews-staging.herokuapp.com/pasadena-tx/unlimited-visions-aftercare-inc-2,Redirected url,https://rehab-reviews-staging.herokuapp.com/rehabs/pasadena-tx/unlimited-visions-aftercare-inc-1
Id,492162,Original url,https://rehab-reviews-staging.herokuapp.com/orchard-park-ny/david-baker-c0afe63d-3cfa-4443-aad1-cf1eb243aab3,Redirected url,https://rehab-reviews-staging.herokuapp.com/therapists/orchard-park-ny/david-baker-2
Id,215799,Original url,https://rehab-reviews-staging.herokuapp.com/port-arthur-tx/best-recovery-healthcare-inc-1,Redirected url,https://rehab-reviews-staging.herokuapp.com/rehabs/port-arthur-tx/best-recovery-healthcare-inc-3
Id,215838,Original url,https://rehab-reviews-staging.herokuapp.com/sherman-tx/lakes-regional-mh-mr-center-3,Redirected url,https://rehab-reviews-staging.herokuapp.com/rehabs/sherman-tx/lakes-regional-mh-mr-center-2
Id,215839,Original url,https://rehab-reviews-staging.herokuapp.com/silsbee-tx/south-east-texas-management-network-spindletop-mh-mr-services-2,Redirected url,https://rehab-reviews-staging.herokuapp.com/rehabs/silsbee-tx/south-east-texas-management-network-spindletop-mh-mr-services-1
Id,215850,Original url,https://rehab-reviews-staging.herokuapp.com/temple-tx/central-texas-council-on-alcoholism-and-drug-abuse-1,Redirected url,https://rehab-reviews-staging.herokuapp.com/rehabs/temple-tx/central-texas-council-on-alcoholism-and-drug-abuse-2
Id,215855,Original url,https://rehab-reviews-staging.herokuapp.com/texarkana-tx/community-healthcore-1,Redirected url,https://rehab-reviews-staging.herokuapp.com/rehabs/texarkana-tx/community-healthcore-4
Id,215870,Original url,https://rehab-reviews-staging.herokuapp.com/victoria-tx/best-recovery-healthcare-inc-2,Redirected url,https://rehab-reviews-staging.herokuapp.com/rehabs/victoria-tx/best-recovery-healthcare-inc-1
Id,215875,Original url,https://rehab-reviews-staging.herokuapp.com/weatherford-tx/substance-abuse-guidance-and-education-sage-abd2a1fb-86f5-4bb8-a625-2b56636a2334,Redirected url,https://rehab-reviews-staging.herokuapp.com/rehabs/weatherford-tx/substance-abuse-guidance-and-education-sage-1
Id,215898,Original url,https://rehab-reviews-staging.herokuapp.com/delta-ut/central-utah-counseling-center-1,Redirected url,https://rehab-reviews-staging.herokuapp.com/rehabs/delta-ut/central-utah-counseling-center-7
Id,215922,Original url,https://rehab-reviews-staging.herokuapp.com/logan-ut/bear-river-health-department-division-of-substance-abuse-1,Redirected url,https://rehab-reviews-staging.herokuapp.com/rehabs/logan-ut/bear-river-health-department-division-of-substance-abuse-2
Id,215932,Original url,https://rehab-reviews-staging.herokuapp.com/murray-ut/family-counseling-center-3,Redirected url,https://rehab-reviews-staging.herokuapp.com/rehabs/murray-ut/family-counseling-center-2
Id,215967,Original url,https://rehab-reviews-staging.herokuapp.com/roosevelt-ut/northeastern-counseling-center-2,Redirected url,https://rehab-reviews-staging.herokuapp.com/rehabs/roosevelt-ut/northeastern-counseling-center-1
Id,215970,Original url,https://rehab-reviews-staging.herokuapp.com/saint-george-sc/saint-george-metro-treatment-center-1,Redirected url,https://rehab-reviews-staging.herokuapp.com/rehabs/saint-george-sc/saint-george-metro-treatment-center-2
Id,215998,Original url,https://rehab-reviews-staging.herokuapp.com/salt-lake-city-ut/intermountain-specialized-abuse-treatment-center-2,Redirected url,https://rehab-reviews-staging.herokuapp.com/rehabs/salt-lake-city-ut/intermountain-specialized-abuse-treatment-center-1
Id,216018,Original url,https://rehab-reviews-staging.herokuapp.com/woods-cross-ut/positive-adjustments-2,Redirected url,https://rehab-reviews-staging.herokuapp.com/rehabs/woods-cross-ut/positive-adjustments-1
Id,464972,Original url,https://rehab-reviews-staging.herokuapp.com/orem-ut/jennifer-mann-741d5d63-776a-47d3-a4a9-6f0ebb98b841,Redirected url,https://rehab-reviews-staging.herokuapp.com/therapists/orem-ut/jennifer-mann-3
Id,216074,Original url,https://rehab-reviews-staging.herokuapp.com/grundy-va/cumberland-mountain-comm-servs-board-substance-abuse-program-1,Redirected url,https://rehab-reviews-staging.herokuapp.com/rehabs/grundy-va/cumberland-mountain-comm-servs-board-substance-abuse-program-3
Id,216093,Original url,https://rehab-reviews-staging.herokuapp.com/manassas-va/calvary-counseling-center-1,Redirected url,https://rehab-reviews-staging.herokuapp.com/rehabs/manassas-va/calvary-counseling-center-2
Id,216094,Original url,https://rehab-reviews-staging.herokuapp.com/martinsville-va/piedmont-community-services-1,Redirected url,https://rehab-reviews-staging.herokuapp.com/rehabs/martinsville-va/piedmont-community-services-4
Id,216131,Original url,https://rehab-reviews-staging.herokuapp.com/salem-va/veterans-affairs-medical-center-substance-abuse-treatment-program-7,Redirected url,https://rehab-reviews-staging.herokuapp.com/rehabs/salem-va/veterans-affairs-medical-center-substance-abuse-treatment-program-6
Id,216144,Original url,https://rehab-reviews-staging.herokuapp.com/virginia-beach-va/virginia-beach-psychiatric-center-1,Redirected url,https://rehab-reviews-staging.herokuapp.com/rehabs/virginia-beach-va/virginia-beach-psychiatric-center-2
Id,216167,Original url,https://rehab-reviews-staging.herokuapp.com/bradford-vt/clara-martin-center-1,Redirected url,https://rehab-reviews-staging.herokuapp.com/rehabs/bradford-vt/clara-martin-center-3
Id,216225,Original url,https://rehab-reviews-staging.herokuapp.com/bellevue-wa/ryther-1,Redirected url,https://rehab-reviews-staging.herokuapp.com/rehabs/bellevue-wa/ryther-2
Id,216238,Original url,https://rehab-reviews-staging.herokuapp.com/bothell-wa/northshore-youth-and-family-services-1,Redirected url,https://rehab-reviews-staging.herokuapp.com/rehabs/bothell-wa/northshore-youth-and-family-services-2
Id,216249,Original url,https://rehab-reviews-staging.herokuapp.com/burien-wa/navos-1,Redirected url,https://rehab-reviews-staging.herokuapp.com/rehabs/burien-wa/navos-2
Id,216297,Original url,https://rehab-reviews-staging.herokuapp.com/ferndale-wa/bridges-treatment-and-recovery-1,Redirected url,https://rehab-reviews-staging.herokuapp.com/rehabs/ferndale-wa/bridges-treatment-and-recovery-2
Id,216351,Original url,https://rehab-reviews-staging.herokuapp.com/marysville-wa/catholic-community-services-1,Redirected url,https://rehab-reviews-staging.herokuapp.com/rehabs/marysville-wa/catholic-community-services-5
Id,216434,Original url,https://rehab-reviews-staging.herokuapp.com/seattle-wa/integrative-counseling-services-1,Redirected url,https://rehab-reviews-staging.herokuapp.com/rehabs/seattle-wa/integrative-counseling-services-2
Id,216450,Original url,https://rehab-reviews-staging.herokuapp.com/seattle-wa/thunderbird-treatment-center-1,Redirected url,https://rehab-reviews-staging.herokuapp.com/rehabs/seattle-wa/thunderbird-treatment-center-2
Id,216456,Original url,https://rehab-reviews-staging.herokuapp.com/seattle-wa/community-psychiatric-clinic-1,Redirected url,https://rehab-reviews-staging.herokuapp.com/rehabs/seattle-wa/community-psychiatric-clinic-2
Id,216454,Original url,https://rehab-reviews-staging.herokuapp.com/seattle-wa/recovery-centers-of-king-county-1,Redirected url,https://rehab-reviews-staging.herokuapp.com/rehabs/seattle-wa/recovery-centers-of-king-county-2
Id,216466,Original url,https://rehab-reviews-staging.herokuapp.com/seattle-wa/asian-counseling-and-referral-service-1,Redirected url,https://rehab-reviews-staging.herokuapp.com/rehabs/seattle-wa/asian-counseling-and-referral-service-2
